1153,Biological Sciences
1154,Biological Sciences
1155,Biological Sciences
1156,Biological Sciences
1157,Biological Sciences
1158,Biological Sciences
1166,Biological Sciences
1173,Biological Sciences
1174,Biological Sciences
1175,Biological Sciences
1178,Biological Sciences
1179,Biological Sciences
1205,Physics and Astronomy
1206,Physics and Astronomy
1209,Statistics
1212,Statistics
1217,Biological Sciences
1218,Biological Sciences
1219,Biological Sciences
1220,Biological Sciences
1225,Chemistry
1226,Chemistry
1227,Chemistry
1228,Chemistry
1233,Statistics
1234,Statistics
1235,Statistics
1250,Mathematics
1251,Mathematics
1252,Mathematics
1256,Mathematics
1257,Mathematics
1258,Mathematics
1260,Mathematics
1261,Mathematics
1262,Mathematics
1263,Mathematics
1264,Mathematics
1265,Mathematics
1267,Mathematics
1268,Mathematics
1269,Mathematics
1270,Mathematics
1271,Mathematics
1272,Mathematics
1273,Mathematics
1274,Mathematics
1275,Mathematics
1276,Mathematics
1277,Mathematics
1279,Chemistry
1280,Chemistry
1281,Chemistry
1282,Chemistry
1283,Chemistry
1284,Chemistry
1285,Chemistry
1286,Chemistry
1287,Chemistry
1288,Chemistry
1289,Chemistry
1290,Chemistry
1291,Chemistry
1292,Chemistry
1293,Chemistry
1638,Biological Sciences
1639,Biological Sciences
1675,Chemistry
1676,Chemistry
1677,Chemistry
1684,Mathematics
1685,Mathematics
1686,Mathematics
1756,Statistics
1792,Physics and Astronomy
1793,Physics and Astronomy
1794,Physics and Astronomy
1795,Physics and Astronomy
1839,Mathematics
1840,Mathematics
1841,Mathematics
1842,Mathematics
1999,Mathematics
2000,Mathematics
2948,Mathematics
3179,Physics and Astronomy
3347,Civil Engineering
3390,Statistics
4013,Statistics
4014,Statistics
4015,Statistics
4017,Statistics
4019,Civil Engineering
4033,Physics and Astronomy
4114,Biological Sciences
4140,Mathematics
4141,Civil Engineering
4142,Civil Engineering
4143,Civil Engineering
4144,Civil Engineering
4160,Biological Sciences
4179,Civil Engineering
4205,Physics and Astronomy
4217,Civil Engineering
10089,Statistics
10090,Statistics
10091,Statistics
10092,Statistics
10094,Statistics
10095,Statistics
10097,Statistics
10098,Statistics
10099,Statistics
10100,Statistics
10105,Statistics
10112,Computer Science
10114,Computer Science
10115,Computer Science
10116,Computer Science
10117,Computer Science
10119,Computer Science
10120,Computer Science
10121,Computer Science
10122,Computer Science
10123,Computer Science
10125,Computer Science
10126,Computer Science
10127,Computer Science
10129,Computer Science
10134,Computer Science
10135,Computer Science
10147,Computer Science
10148,Computer Science
10149,Computer Science
10153,Computer Science
10154,Computer Science
10155,Computer Science
10157,Computer Science
10159,Computer Science
10160,Computer Science
10161,Computer Science
10163,Computer Science
10164,Computer Science
10167,Computer Science
10168,Computer Science
10172,Computer Science
10173,Computer Science
10176,Computer Science
10177,Computer Science
10178,Computer Science
10179,Computer Science
10186,Computer Science
10187,Computer Science
10188,Computer Science
10190,Computer Science
10191,Computer Science
10197,Computer Science
10209,Computer Science
10210,Computer Science
10213,Computer Science
10224,Computer Science
10226,Biological Sciences
10229,Biological Sciences
10230,Biological Sciences
10234,Biological Sciences
10235,Biological Sciences
10239,Biological Sciences
10241,Biological Sciences
10242,Biological Sciences
10243,Biological Sciences
10248,Biological Sciences
10249,Biological Sciences
10251,Biological Sciences
10252,Biological Sciences
10253,Biological Sciences
10254,Biological Sciences
10256,Biological Sciences
10257,Biological Sciences
10258,Biological Sciences
10259,Biological Sciences
10260,Biological Sciences
10261,Biological Sciences
10262,Biological Sciences
10263,Biological Sciences
10264,Biological Sciences
10265,Biological Sciences
10266,Biological Sciences
10267,Biological Sciences
10268,Biological Sciences
10269,Biological Sciences
10270,Biological Sciences
10271,Biological Sciences
10272,Biological Sciences
10273,Biological Sciences
10274,Biological Sciences
10275,Biological Sciences
10276,Biological Sciences
10277,Biological Sciences
10278,Biological Sciences
10279,Biological Sciences
10280,Biological Sciences
10281,Biological Sciences
10282,Biological Sciences
10283,Biological Sciences
10284,Biological Sciences
10285,Biological Sciences
10286,Biological Sciences
10287,Biological Sciences
10288,Biological Sciences
10289,Biological Sciences
10290,Biological Sciences
10291,Biological Sciences
10292,Biological Sciences
10293,Biological Sciences
10294,Biological Sciences
10295,Biological Sciences
10296,Biological Sciences
10297,Biological Sciences
10298,Biological Sciences
10299,Biological Sciences
10300,Biological Sciences
10301,Biological Sciences
10302,Biological Sciences
10303,Biological Sciences
10304,Biological Sciences
10305,Biological Sciences
10306,Biological Sciences
10307,Biological Sciences
10308,Biological Sciences
10309,Biological Sciences
10325,Physics and Astronomy
10326,Physics and Astronomy
10327,Physics and Astronomy
10329,Physics and Astronomy
10330,Physics and Astronomy
10331,Physics and Astronomy
10332,Physics and Astronomy
10333,Physics and Astronomy
10334,Physics and Astronomy
10335,Physics and Astronomy
10336,Physics and Astronomy
10351,Physics and Astronomy
10352,Physics and Astronomy
10353,Physics and Astronomy
10355,Physics and Astronomy
10357,Physics and Astronomy
10364,Physics and Astronomy
10365,Physics and Astronomy
10367,Physics and Astronomy
10386,Physics and Astronomy
10389,Physics and Astronomy
10391,Physics and Astronomy
10392,Physics and Astronomy
10395,Mathematics
10400,Mathematics
10405,Mathematics
10408,Mathematics
10409,Mathematics
10410,Mathematics
10411,Mathematics
10412,Mathematics
10413,Mathematics
10414,Mathematics
10415,Mathematics
10416,Mathematics
10417,Mathematics
10418,Mathematics
10419,Mathematics
10420,Mathematics
10421,Mathematics
10422,Mathematics
10423,Mathematics
10424,Mathematics
10425,Mathematics
10426,Mathematics
10428,Mathematics
10429,Mathematics
10430,Mathematics
10432,Mathematics
10433,Mathematics
10434,Mathematics
10435,Mathematics
10436,Mathematics
10437,Mathematics
10438,Mathematics
10439,Mathematics
10440,Mathematics
10441,Mathematics
10442,Mathematics
10443,Mathematics
10444,Mathematics
10445,Mathematics
10446,Mathematics
10447,Mathematics
10448,Mathematics
10449,Mathematics
10450,Mathematics
10451,Mathematics
10452,Mathematics
10453,Mathematics
10454,Mathematics
10455,Mathematics
10457,Mathematics
10458,Mathematics
10459,Mathematics
10460,Mathematics
10462,Mathematics
10463,Mathematics
10464,Mathematics
10465,Mathematics
10466,Mathematics
10467,Mathematics
10468,Mathematics
10469,Mathematics
10470,Mathematics
10471,Mathematics
10472,Mathematics
10473,Mathematics
10474,Mathematics
10475,Mathematics
10476,Mathematics
10477,Mathematics
10482,Mathematics
10483,Mathematics
10523,Microbiology
10526,Microbiology
10527,Microbiology
10528,Microbiology
10529,Microbiology
10530,Microbiology
10531,Microbiology
10532,Microbiology
10533,Microbiology
10534,Microbiology
10536,Microbiology
10538,Microbiology
10545,Microbiology
10546,Microbiology
10548,Microbiology
10549,Microbiology
10569,Chemistry
10570,Chemistry
10571,Chemistry
10572,Chemistry
10573,Chemistry
10574,Chemistry
10598,Civil Engineering
10632,Civil Engineering
10633,Civil Engineering
10634,Civil Engineering
10635,Civil Engineering
10636,Civil Engineering
10637,Civil Engineering
10638,Civil Engineering
10640,Civil Engineering
10641,Civil Engineering
10643,Chemistry
10644,Chemistry
10652,Chemistry
10653,Chemistry
10654,Chemistry
10655,Chemistry
10656,Chemistry
10657,Chemistry
10658,Chemistry
10659,Chemistry
10660,Chemistry
10663,Civil Engineering
10672,Civil Engineering
10686,Chemistry
10700,Chemistry
10703,Chemistry
10708,Microbiology
10709,Microbiology
10732,Statistics
10758,Engineering
10759,Engineering
10760,Statistics
10771,Microbiology
10772,Microbiology
10778,Engineering
10779,Engineering
10780,Microbiology
10783,Biological Sciences
10784,Computer Science
10786,Computer Science
10794,Mathematics
10795,Mathematics
10796,Mathematics
10797,Engineering
10799,Mathematics
10800,Mathematics
10803,Mathematics
10847,Chemistry
10849,Chemistry
10850,Chemistry
10851,Chemistry
10852,Chemistry
10853,Chemistry
10854,Chemistry
10868,Chemistry
10870,Chemistry
10871,Chemistry
10872,Chemistry
10877,Mechanical
10883,Chemistry
10885,Mechanical
10890,Engineering
10893,Engineering
10911,Electrical and Computer Engineering
10912,Electrical and Computer Engineering
10916,Electrical and Computer Engineering
10917,Electrical and Computer Engineering
10918,Electrical and Computer Engineering
10919,Computer Science
10920,Electrical and Computer Engineering
10921,Computer Science
10922,Electrical and Computer Engineering
10941,Electrical and Computer Engineering
10942,Electrical and Computer Engineering
10943,Electrical and Computer Engineering
10944,Electrical and Computer Engineering
10945,Electrical and Computer Engineering
10946,Electrical and Computer Engineering
10947,Electrical and Computer Engineering
10948,Electrical and Computer Engineering
10949,Electrical and Computer Engineering
10950,Electrical and Computer Engineering
10952,Electrical and Computer Engineering
10953,Electrical and Computer Engineering
10954,Electrical and Computer Engineering
10955,Electrical and Computer Engineering
10957,Electrical and Computer Engineering
10959,Electrical and Computer Engineering
10960,Electrical and Computer Engineering
10961,Electrical and Computer Engineering
10988,Computer Science
10989,Computer Science
10991,Computer Science
10994,Microbiology
10995,Microbiology
10996,Microbiology
11000,Engineering
11001,Engineering
11002,Engineering
11011,Mathematics
11013,Mathematics
11014,Mathematics
11055,Biological Sciences
11056,Chemistry
11057,Chemistry
11058,Chemistry
11059,Chemistry
11060,Chemistry
11064,Mathematics
11065,Mathematics
11067,Microbiology
11068,Microbiology
11069,Physics and Astronomy
11070,Physics and Astronomy
11072,Statistics
11073,Statistics
11092,Biological Sciences
11093,Biological Sciences
11094,Biological Sciences
11095,Biological Sciences
11128,Computer Science
11136,Computer Science
11159,Microbiology
11174,Mathematics
11175,Mathematics
11176,Mathematics
11189,Statistics
11192,Chemistry
11193,Chemistry
11194,Chemistry
11195,Chemistry
11200,Chemistry
11202,Engineering
11203,Engineering
11206,Civil Engineering
11207,Civil Engineering
11208,Civil Engineering
11209,Civil Engineering
11210,Civil Engineering
11264,Electrical and Computer Engineering
11269,Electrical and Computer Engineering
11270,Electrical and Computer Engineering
11271,Electrical and Computer Engineering
11272,Electrical and Computer Engineering
11299,Chemistry
11357,Electrical and Computer Engineering
11358,Electrical and Computer Engineering
11359,Electrical and Computer Engineering
11396,Electrical and Computer Engineering
11418,Chemistry
11420,Computer Science
11431,Chemistry
11442,Biological Sciences
11443,Biological Sciences
11444,Biological Sciences
11445,Biological Sciences
11446,Biological Sciences
11451,Biological Sciences
11452,Biological Sciences
11453,Biological Sciences
11454,Biological Sciences
11455,Biological Sciences
11456,Biological Sciences
11457,Biological Sciences
11458,Biological Sciences
11459,Biological Sciences
11460,Biological Sciences
11461,Biological Sciences
11463,Biological Sciences
11464,Biological Sciences
11468,Biological Sciences
11469,Biological Sciences
11470,Biological Sciences
11471,Biological Sciences
11472,Biological Sciences
11473,Biological Sciences
11474,Biological Sciences
11475,Biological Sciences
11476,Biological Sciences
11477,Biological Sciences
11478,Biological Sciences
11479,Biological Sciences
11480,Biological Sciences
11481,Biological Sciences
11482,Biological Sciences
11483,Biological Sciences
11484,Biological Sciences
11485,Biological Sciences
11486,Biological Sciences
11487,Biological Sciences
11488,Biological Sciences
11489,Biological Sciences
11490,Biological Sciences
11491,Biological Sciences
11492,Biological Sciences
11493,Biological Sciences
11494,Biological Sciences
11495,Biological Sciences
11496,Biological Sciences
11497,Biological Sciences
11498,Biological Sciences
11499,Biological Sciences
11500,Biological Sciences
11501,Biological Sciences
11502,Biological Sciences
11503,Biological Sciences
11504,Biological Sciences
11505,Biological Sciences
11506,Biological Sciences
11507,Biological Sciences
11508,Biological Sciences
11509,Biological Sciences
11510,Biological Sciences
11511,Biological Sciences
11512,Biological Sciences
11515,Statistics
11516,Statistics
11517,Statistics
11518,Mathematics
11519,Mathematics
11520,Microbiology
11521,Mathematics
11522,Mathematics
11523,Mathematics
11524,Chemistry
11534,Electrical and Computer Engineering
11535,Electrical and Computer Engineering
11536,Electrical and Computer Engineering
11537,Electrical and Computer Engineering
11542,Biological Sciences
11543,Mechanical
11544,Mechanical
11545,Mechanical
11546,Mechanical
11547,Mechanical
11548,Mechanical
11549,Mechanical
11550,Mechanical
11551,Chemistry
11555,Mechanical
11557,Biological Sciences
11559,Biological Sciences
11560,Electrical and Computer Engineering
11563,Electrical and Computer Engineering
11564,Electrical and Computer Engineering
11572,Biological Sciences
11573,Biological Sciences
11580,Chemistry
11582,Chemistry
11588,Chemistry
11590,Chemistry
11610,Microbiology
11611,Microbiology
11612,Microbiology
11613,Microbiology
11614,Microbiology
11615,Microbiology
11619,Chemistry
11624,Civil Engineering
11625,Civil Engineering
11631,Electrical and Computer Engineering
11632,Electrical and Computer Engineering
11633,Electrical and Computer Engineering
11634,Electrical and Computer Engineering
11641,Mechanical
11642,Mechanical
11643,Mechanical
11644,Mechanical
11645,Mechanical
11646,Mechanical
11648,Chemistry
11649,Chemistry
11650,Mechanical
11665,Mechanical
11674,Microbiology
11686,Mathematics
11695,Biological Sciences
11696,Biological Sciences
11737,Microbiology
11738,Microbiology
11741,Microbiology
11742,Microbiology
11745,Biological Sciences
11746,Biological Sciences
11747,Biological Sciences
11748,Biological Sciences
11749,Biological Sciences
11750,Biological Sciences
11751,Biological Sciences
11752,Biological Sciences
11753,Biological Sciences
11754,Biological Sciences
11755,Microbiology
11756,Microbiology
11757,Microbiology
11758,Computer Science
11759,Computer Science
11760,Computer Science
11761,Computer Science
11762,Computer Science
11763,Computer Science
11764,Computer Science
11765,Computer Science
11766,Computer Science
11767,Computer Science
11768,Computer Science
11769,Computer Science
11775,Chemistry
11776,Mathematics
11796,Statistics
11799,Engineering
11806,Mathematics
11807,Mathematics
11808,Mathematics
11809,Mathematics
11817,Mechanical
11818,Mechanical
11819,Chemistry
11820,Mechanical
11821,Mechanical
11843,Biological Sciences
11847,Biological Sciences
11848,Biological Sciences
11862,Mechanical
11863,Mechanical
11865,Mathematics
11866,Mathematics
11867,Mathematics
11873,Mathematics
11874,Mathematics
11875,Mathematics
11876,Mathematics
11877,Mathematics
11879,Computer Science
11884,Electrical and Computer Engineering
11921,Biological Sciences
11922,Engineering
11925,Electrical and Computer Engineering
11929,Electrical and Computer Engineering
11931,Statistics
11974,Biological Sciences
11990,Electrical and Computer Engineering
11991,Electrical and Computer Engineering
12000,Chemistry
12071,Chemistry
12075,Microbiology
12079,Physics and Astronomy
12117,Computer Science
12118,Computer Science
12122,Electrical and Computer Engineering
12131,Biological Sciences
12132,Biological Sciences
12133,Biological Sciences
12134,Biological Sciences
12136,Electrical and Computer Engineering
12137,Electrical and Computer Engineering
12145,Mechanical
12156,Engineering
12157,Engineering
12158,Engineering
12159,Engineering
12160,Engineering
12161,Engineering
12162,Engineering
12163,Engineering
12174,Chemistry
12231,Engineering
12233,Engineering
12288,Engineering
12402,Mechanical
12410,Mathematics
12513,Biological Sciences
12514,Biological Sciences
12515,Biological Sciences
12516,Biological Sciences
12518,Biological Sciences
12519,Biological Sciences
12520,Biological Sciences
12574,Mathematics
12575,Mathematics
12576,Mathematics
12577,Mathematics
12606,Mathematics
12609,Mathematics
12610,Mathematics
12611,Mathematics
12612,Mathematics
12655,Chemistry
12656,Chemistry
12657,Chemistry
12658,Chemistry
12659,Chemistry
12694,Physics and Astronomy
12695,Physics and Astronomy
12701,Physics and Astronomy
12706,Physics and Astronomy
12707,Physics and Astronomy
12712,Mathematics
12713,Mathematics
12714,Mathematics
12715,Mathematics
12716,Mathematics
12776,Biological Sciences
12792,Computer Science
12793,Computer Science
12839,Biological Sciences
12841,Chemistry
13078,Mathematics
13079,Mathematics
13091,Computer Science
13093,Computer Science
13099,Biological Sciences
13100,Biological Sciences
13101,Biological Sciences
13124,Chemistry
13153,Mathematics
13161,Mathematics
13163,Mathematics
13165,Mathematics
13167,Mathematics
13168,Mathematics
13169,Mathematics
13170,Mathematics
13171,Mathematics
13172,Mathematics
13173,Mathematics
13174,Mathematics
13177,Mathematics
13178,Mathematics
13179,Mathematics
13180,Mathematics
13181,Mathematics
13182,Mathematics
13183,Mathematics
13184,Mathematics
13185,Mathematics
13186,Mathematics
13188,Mathematics
13189,Mathematics
13190,Mathematics
13192,Mathematics
13193,Mathematics
13195,Mathematics
13196,Mathematics
13197,Mathematics
13199,Mathematics
13200,Mathematics
13204,Electrical and Computer Engineering
13205,Electrical and Computer Engineering
13249,Mechanical
13250,Mechanical
13251,Mechanical
13266,Chemistry
13275,Biological Sciences
13291,Computer Science
13822,Engineering
13823,Engineering
13936,Electrical and Computer Engineering
13954,Chemistry
13974,Mathematics
13980,Microbiology
14022,Engineering
14023,Engineering
14024,Engineering
14072,Computer Science
14087,Biological Sciences
14099,Computer Science
14100,Computer Science
14148,Chemistry
14241,Chemistry
14292,Engineering
14687,Electrical and Computer Engineering
14698,Chemistry
14699,Chemistry
14700,Chemistry
14701,Chemistry
14702,Chemistry
14703,Chemistry
14705,Mathematics
14741,Physics and Astronomy
14742,Physics and Astronomy
14749,Statistics
14753,Statistics
14754,Statistics
14755,Statistics
14756,Statistics
14757,Statistics
14884,Electrical and Computer Engineering
14885,Electrical and Computer Engineering
14886,Electrical and Computer Engineering
15073,Chemistry
15248,Chemistry
15260,Mathematics
15262,Microbiology
15264,Microbiology
15304,Computer Science
15308,Computer Science
15326,Electrical and Computer Engineering
15399,Chemistry
15421,Statistics
15436,Chemistry
15438,Engineering
15439,Engineering
15440,Engineering
15441,Engineering
15442,Engineering
15443,Engineering
15444,Engineering
15448,Mathematics
15450,Mathematics
15455,Chemistry
15456,Chemistry
15457,Microbiology
15482,Civil Engineering
15485,Computer Science
15490,Physics and Astronomy
15522,Chemistry
15540,Biological Sciences
15550,Electrical and Computer Engineering
15630,Electrical and Computer Engineering
15670,Electrical and Computer Engineering
15805,Computer Science
15848,Mathematics
15849,Mathematics
15855,Mathematics
15856,Mathematics
15857,Mathematics
15858,Mathematics
15859,Mathematics
15860,Mathematics
15861,Mathematics
15862,Mathematics
15866,Mathematics
15867,Mathematics
15966,Statistics
15968,Statistics
15969,Statistics
15970,Statistics
15971,Statistics
15972,Statistics
15973,Statistics
15974,Statistics
15975,Statistics
15976,Statistics
15977,Statistics
15978,Statistics
15979,Statistics
15980,Statistics
15981,Statistics
15982,Statistics
15997,Statistics
15998,Statistics
15999,Statistics
16000,Statistics
16001,Statistics
16002,Statistics
16003,Statistics
16004,Statistics
16005,Statistics
16006,Statistics
16007,Statistics
16008,Statistics
16009,Statistics
16010,Statistics
16011,Statistics
16012,Statistics
16013,Statistics
16014,Statistics
16015,Statistics
16016,Statistics
16018,Statistics
16021,Statistics
16022,Statistics
16024,Statistics
16025,Statistics
16026,Statistics
16027,Statistics
16028,Statistics
16029,Statistics
16030,Statistics
16031,Statistics
16032,Statistics
16116,Microbiology
16146,Civil Engineering
16148,Civil Engineering
16149,Engineering
16150,Engineering
16179,Statistics
16205,Biological Sciences
16207,Biological Sciences
16220,Engineering
16226,Mechanical
16227,Mechanical
16228,Mechanical
16235,Mechanical
16236,Mechanical
16237,Mechanical
16241,Mechanical
16248,Electrical and Computer Engineering
16249,Electrical and Computer Engineering
16250,Electrical and Computer Engineering
16548,Biological Sciences
16584,Microbiology
16625,Computer Science
16627,Computer Science
16676,Microbiology
16716,Statistics
16726,Chemistry
16730,Electrical and Computer Engineering
16732,Electrical and Computer Engineering
16735,Electrical and Computer Engineering
16760,Electrical and Computer Engineering
16761,Electrical and Computer Engineering
16780,Mechanical
16930,Computer Science
17120,Statistics
17122,Statistics
17123,Statistics
17124,Statistics
17147,Microbiology
17148,Microbiology
17155,Physics and Astronomy
17156,Physics and Astronomy
17157,Physics and Astronomy
17158,Physics and Astronomy
17159,Physics and Astronomy
17160,Physics and Astronomy
17161,Physics and Astronomy
17162,Physics and Astronomy
17165,Physics and Astronomy
17167,Physics and Astronomy
17168,Physics and Astronomy
17169,Physics and Astronomy
17170,Physics and Astronomy
17171,Physics and Astronomy
17176,Biological Sciences
17195,Electrical and Computer Engineering
17196,Electrical and Computer Engineering
17205,Electrical and Computer Engineering
17224,Mathematics
17225,Mathematics
17226,Mathematics
17227,Mathematics
17228,Mathematics
17229,Mathematics
17230,Mathematics
17232,Mathematics
17233,Mathematics
17235,Mathematics
17236,Mathematics
17238,Mathematics
17246,Mathematics
17247,Mathematics
17248,Mathematics
17255,Mathematics
17256,Mathematics
17307,Electrical and Computer Engineering
17308,Electrical and Computer Engineering
17313,Electrical and Computer Engineering
17317,Electrical and Computer Engineering
17623,Microbiology
17624,Microbiology
17625,Microbiology
17655,Mechanical
17657,Mechanical
17658,Mechanical
17659,Mechanical
17662,Mechanical
17663,Mechanical
17664,Mechanical
17665,Mechanical
17666,Mechanical
17667,Mechanical
17669,Mechanical
17670,Mechanical
17680,Statistics
17681,Statistics
17748,Computer Science
17752,Biological Sciences
17753,Engineering
17769,Biological Sciences
17856,Engineering
17979,Biological Sciences
18011,Biological Sciences
18174,Civil Engineering
18178,Biological Sciences
18180,Chemistry
18188,Chemistry
18312,Biological Sciences
18322,Physics and Astronomy
18338,Biological Sciences
18344,Physics and Astronomy
18378,Chemistry
18398,Physics and Astronomy
18453,Biological Sciences
18454,Biological Sciences
18455,Biological Sciences
18472,Mathematics
18473,Mathematics
18474,Mathematics
18475,Mathematics
18476,Mathematics
18477,Mathematics
18496,Mathematics
18497,Mathematics
18498,Mathematics
18499,Mathematics
18500,Mathematics
18517,Statistics
18520,Statistics
18541,Chemistry
18563,Microbiology
18564,Microbiology
18572,Physics and Astronomy
18573,Physics and Astronomy
18574,Physics and Astronomy
18583,Physics and Astronomy
18585,Physics and Astronomy
18586,Physics and Astronomy
18587,Physics and Astronomy
18588,Physics and Astronomy
18595,Chemistry
18596,Chemistry
18597,Chemistry
18603,Civil Engineering
18604,Physics and Astronomy
18608,Mechanical
18609,Mechanical
18610,Mechanical
18611,Mechanical
18616,Mechanical
18617,Mechanical
18711,Electrical and Computer Engineering
19034,Statistics
19170,Biological Sciences
19289,Computer Science
19290,Computer Science
19291,Computer Science
19292,Computer Science
19307,Electrical and Computer Engineering
19314,Electrical and Computer Engineering
19317,Electrical and Computer Engineering
19381,Biological Sciences
19382,Biological Sciences
19383,Biological Sciences
19387,Chemistry
19395,Mathematics
19396,Mathematics
19419,Statistics
19422,Microbiology
19481,Biological Sciences
19485,Electrical and Computer Engineering
19486,Electrical and Computer Engineering
19487,Electrical and Computer Engineering
19498,Electrical and Computer Engineering
19500,Electrical and Computer Engineering
19504,Civil Engineering
19505,Civil Engineering
19506,Civil Engineering
19507,Civil Engineering
19517,Electrical and Computer Engineering
19518,Civil Engineering
19519,Civil Engineering
19520,Civil Engineering
19522,Electrical and Computer Engineering
19523,Electrical and Computer Engineering
19524,Electrical and Computer Engineering
19535,Electrical and Computer Engineering
19547,Chemistry
19548,Chemistry
19554,Physics and Astronomy
19579,Statistics
19596,Physics and Astronomy
19600,Electrical and Computer Engineering
19602,Electrical and Computer Engineering
19603,Electrical and Computer Engineering
19606,Mathematics
19613,Biological Sciences
19616,Biological Sciences
19617,Biological Sciences
19627,Physics and Astronomy
19632,Mathematics
19633,Mathematics
19634,Mathematics
19635,Mathematics
19636,Mathematics
19637,Chemistry
19639,Mathematics
19660,Physics and Astronomy
19665,Biological Sciences
19666,Mathematics
19667,Biological Sciences
19671,Microbiology
19672,Microbiology
19682,Chemistry
19687,Mathematics
19699,Physics and Astronomy
19708,Biological Sciences
19726,Mathematics
19733,Biological Sciences
19766,Electrical and Computer Engineering
19767,Electrical and Computer Engineering
19768,Electrical and Computer Engineering
19776,Civil Engineering
50080,Statistics
50081,Statistics
50083,Statistics
50084,Statistics
50085,Statistics
50086,Statistics
50088,Statistics
50089,Statistics
50090,Statistics
50094,Statistics
50095,Statistics
50200,Biological Sciences
50209,Biological Sciences
50210,Biological Sciences
50212,Biological Sciences
50214,Biological Sciences
50215,Biological Sciences
50220,Biological Sciences
50221,Biological Sciences
50222,Biological Sciences
50223,Biological Sciences
50224,Biological Sciences
50225,Biological Sciences
50232,Biological Sciences
50234,Biological Sciences
50235,Biological Sciences
50236,Biological Sciences
50238,Biological Sciences
50239,Biological Sciences
50240,Biological Sciences
50241,Biological Sciences
50242,Biological Sciences
50243,Biological Sciences
50244,Biological Sciences
50245,Biological Sciences
50248,Biological Sciences
50249,Biological Sciences
50252,Biological Sciences
50253,Biological Sciences
50254,Biological Sciences
50255,Biological Sciences
50257,Biological Sciences
50258,Biological Sciences
50259,Biological Sciences
50260,Biological Sciences
50261,Biological Sciences
50262,Biological Sciences
50263,Biological Sciences
50264,Biological Sciences
50266,Biological Sciences
50268,Biological Sciences
50269,Biological Sciences
50270,Biological Sciences
50271,Biological Sciences
50272,Biological Sciences
50273,Biological Sciences
50274,Biological Sciences
50279,Biological Sciences
50280,Biological Sciences
50281,Biological Sciences
50282,Biological Sciences
50283,Biological Sciences
50284,Biological Sciences
50285,Biological Sciences
50286,Biological Sciences
50296,Physics and Astronomy
50297,Physics and Astronomy
50298,Physics and Astronomy
50299,Physics and Astronomy
50300,Physics and Astronomy
50301,Physics and Astronomy
50302,Physics and Astronomy
50303,Physics and Astronomy
50304,Physics and Astronomy
50306,Physics and Astronomy
50307,Physics and Astronomy
50321,Physics and Astronomy
50324,Physics and Astronomy
50332,Physics and Astronomy
50333,Physics and Astronomy
50334,Physics and Astronomy
50335,Physics and Astronomy
50336,Physics and Astronomy
50352,Physics and Astronomy
50353,Physics and Astronomy
50354,Physics and Astronomy
50359,Physics and Astronomy
50363,Mathematics
50364,Mathematics
50365,Mathematics
50370,Mathematics
50371,Mathematics
50372,Mathematics
50373,Mathematics
50374,Mathematics
50375,Mathematics
50376,Mathematics
50377,Mathematics
50378,Mathematics
50379,Mathematics
50381,Mathematics
50382,Mathematics
50383,Mathematics
50384,Mathematics
50385,Mathematics
50386,Mathematics
50387,Mathematics
50389,Mathematics
50391,Mathematics
50392,Mathematics
50393,Mathematics
50394,Mathematics
50395,Mathematics
50396,Mathematics
50397,Mathematics
50398,Mathematics
50399,Mathematics
50400,Mathematics
50401,Mathematics
50403,Mathematics
50404,Mathematics
50405,Mathematics
50406,Mathematics
50407,Mathematics
50408,Mathematics
50409,Mathematics
50410,Mathematics
50411,Mathematics
50412,Mathematics
50413,Mathematics
50414,Mathematics
50415,Mathematics
50416,Mathematics
50417,Mathematics
50418,Mathematics
50459,Civil Engineering
50505,Civil Engineering
50506,Civil Engineering
50507,Civil Engineering
50508,Chemistry
50509,Chemistry
50510,Civil Engineering
50551,Chemistry
50554,Chemistry
50558,Chemistry
50566,Civil Engineering
50567,Civil Engineering
50568,Civil Engineering
50570,Chemistry
50571,Chemistry
50572,Chemistry
50573,Chemistry
50574,Civil Engineering
50575,Chemistry
50576,Chemistry
50577,Chemistry
50578,Chemistry
50582,Chemistry
50584,Chemistry
50585,Chemistry
50586,Chemistry
50587,Chemistry
50588,Chemistry
50590,Chemistry
50591,Chemistry
50592,Chemistry
50594,Chemistry
50595,Chemistry
50597,Chemistry
50617,Chemistry
50650,Statistics
50680,Engineering
50683,Engineering
50699,Engineering
50700,Biological Sciences
50709,Mathematics
50711,Mathematics
50712,Mathematics
50713,Mathematics
50714,Mathematics
50715,Mathematics
50746,Chemistry
50747,Chemistry
50748,Chemistry
50749,Chemistry
50750,Chemistry
50758,Chemistry
50759,Chemistry
50760,Chemistry
50768,Chemistry
50773,Engineering
50774,Engineering
50868,Chemistry
50869,Chemistry
50870,Chemistry
50871,Chemistry
50872,Chemistry
50873,Chemistry
50906,Chemistry
50907,Chemistry
50919,Engineering
50920,Engineering
50921,Engineering
50922,Engineering
50923,Engineering
50966,Biological Sciences
50967,Chemistry
50968,Chemistry
50969,Chemistry
50970,Chemistry
50971,Chemistry
50974,Mathematics
50976,Physics and Astronomy
50979,Statistics
50992,Biological Sciences
50993,Biological Sciences
50994,Biological Sciences
51008,Mathematics
51013,Chemistry
51014,Chemistry
51019,Chemistry
51030,Chemistry
51053,Engineering
51069,Biological Sciences
51070,Biological Sciences
51071,Mathematics
51085,Mathematics
51086,Mathematics
51087,Mathematics
51088,Mathematics
51089,Statistics
51099,Physics and Astronomy
51100,Physics and Astronomy
51101,Physics and Astronomy
51102,Physics and Astronomy
51103,Physics and Astronomy
51115,Civil Engineering
51116,Civil Engineering
51177,Statistics
51197,Mathematics
51198,Mathematics
51199,Mathematics
51200,Mathematics
51201,Mathematics
51222,Physics and Astronomy
51297,Mathematics
51298,Mathematics
51299,Mathematics
51300,Mathematics
51304,Chemistry
51329,Physics and Astronomy
51331,Mathematics
51332,Mathematics
51333,Mathematics
51339,Physics and Astronomy
51356,Biological Sciences
51357,Biological Sciences
51359,Biological Sciences
51360,Biological Sciences
51361,Biological Sciences
51362,Biological Sciences
51368,Biological Sciences
51369,Biological Sciences
51370,Biological Sciences
51371,Biological Sciences
51372,Biological Sciences
51373,Biological Sciences
51374,Biological Sciences
51375,Biological Sciences
51376,Biological Sciences
51377,Biological Sciences
51378,Biological Sciences
51379,Biological Sciences
51380,Biological Sciences
51381,Biological Sciences
51382,Biological Sciences
51383,Biological Sciences
51384,Biological Sciences
51385,Biological Sciences
51386,Biological Sciences
51387,Biological Sciences
51388,Biological Sciences
51389,Biological Sciences
51390,Biological Sciences
51391,Biological Sciences
51392,Biological Sciences
51393,Biological Sciences
51394,Biological Sciences
51395,Biological Sciences
51396,Biological Sciences
51397,Biological Sciences
51398,Biological Sciences
51399,Biological Sciences
51400,Biological Sciences
51401,Biological Sciences
51403,Biological Sciences
51404,Biological Sciences
51406,Biological Sciences
51407,Biological Sciences
51408,Biological Sciences
51409,Biological Sciences
51410,Biological Sciences
51411,Biological Sciences
51417,Statistics
51418,Statistics
51419,Statistics
51420,Mathematics
51423,Mathematics
51424,Mathematics
51425,Mathematics
51426,Mathematics
51427,Mathematics
51428,Mathematics
51429,Mathematics
51430,Mathematics
51431,Mathematics
51432,Mathematics
51452,Chemistry
51459,Biological Sciences
51460,Biological Sciences
51471,Biological Sciences
51472,Biological Sciences
51473,Biological Sciences
51483,Biological Sciences
51487,Physics and Astronomy
51508,Biological Sciences
51513,Biological Sciences
51514,Biological Sciences
51516,Biological Sciences
51567,Biological Sciences
51569,Biological Sciences
51571,Biological Sciences
51576,Civil Engineering
51657,Chemistry
51658,Chemistry
51665,Chemistry
51710,Biological Sciences
51711,Biological Sciences
51712,Biological Sciences
51713,Biological Sciences
51761,Mathematics
51762,Mathematics
51763,Mathematics
51764,Mathematics
51803,Biological Sciences
51804,Biological Sciences
51805,Biological Sciences
51817,Biological Sciences
51818,Biological Sciences
51905,Statistics
51906,Statistics
51907,Statistics
51908,Statistics
51913,Mathematics
51914,Mathematics
51916,Mathematics
51917,Mathematics
52026,Biological Sciences
52027,Mathematics
52056,Chemistry
52077,Chemistry
52124,Physics and Astronomy
52133,Biological Sciences
52134,Biological Sciences
52143,Statistics
52156,Engineering
52252,Engineering
52253,Engineering
52254,Engineering
52256,Engineering
52257,Engineering
52258,Engineering
52259,Engineering
52260,Engineering
52261,Engineering
52262,Engineering
52263,Engineering
52264,Engineering
52265,Engineering
52266,Engineering
52268,Engineering
52269,Engineering
52270,Engineering
52271,Engineering
52272,Engineering
52273,Engineering
52274,Engineering
52278,Engineering
52279,Engineering
52280,Engineering
52347,Chemistry
52363,Biological Sciences
52555,Statistics
52558,Engineering
52584,Engineering
52644,Mathematics
52645,Mathematics
52646,Mathematics
52647,Mathematics
52648,Mathematics
52649,Mathematics
52650,Mathematics
52691,Chemistry
52692,Chemistry
52693,Chemistry
52694,Chemistry
52695,Chemistry
52730,Physics and Astronomy
52731,Physics and Astronomy
52732,Physics and Astronomy
52733,Physics and Astronomy
52747,Physics and Astronomy
53173,Biological Sciences
53176,Biological Sciences
53178,Biological Sciences
53253,Mathematics
53254,Mathematics
53255,Mathematics
53256,Mathematics
53257,Mathematics
53261,Mathematics
53262,Mathematics
53263,Mathematics
53264,Mathematics
53265,Mathematics
53266,Mathematics
53267,Mathematics
53268,Mathematics
53270,Mathematics
53271,Mathematics
53272,Mathematics
53273,Mathematics
53274,Mathematics
53275,Mathematics
53276,Mathematics
53277,Mathematics
53278,Mathematics
53280,Mathematics
53281,Mathematics
53282,Mathematics
53283,Mathematics
53284,Mathematics
53285,Mathematics
53286,Mathematics
53287,Mathematics
53288,Mathematics
53289,Mathematics
53309,Mathematics
53310,Mathematics
53311,Mathematics
53388,Biological Sciences
53453,Engineering
53467,Engineering
53468,Engineering
53585,Mathematics
53686,Chemistry
53739,Biological Sciences
54744,Biological Sciences
54747,Chemistry
54748,Chemistry
54779,Chemistry
55159,Chemistry
55304,Mathematics
55305,Mathematics
55308,Mathematics
55309,Mathematics
55331,Civil Engineering
55363,Statistics
55395,Physics and Astronomy
55750,Mathematics
55751,Mathematics
55752,Mathematics
55890,Statistics
55891,Statistics
55892,Statistics
55893,Statistics
55894,Statistics
55895,Statistics
55896,Statistics
55897,Statistics
55898,Statistics
55899,Statistics
55900,Statistics
55901,Statistics
55902,Statistics
55903,Statistics
55904,Statistics
55905,Statistics
55906,Statistics
55907,Statistics
55908,Statistics
55909,Statistics
55910,Statistics
55911,Statistics
55912,Statistics
55913,Statistics
55914,Statistics
55915,Statistics
55916,Statistics
55917,Statistics
55918,Statistics
55919,Statistics
55920,Statistics
55921,Statistics
55923,Statistics
55924,Statistics
55925,Statistics
55926,Statistics
55928,Statistics
55929,Statistics
55930,Statistics
55931,Statistics
56025,Civil Engineering
56032,Engineering
56033,Engineering
56059,Physics and Astronomy
56083,Biological Sciences
56085,Biological Sciences
56141,Biological Sciences
56164,Engineering
56364,Biological Sciences
56495,Biological Sciences
56527,Statistics
56684,Statistics
57033,Statistics
57034,Statistics
57050,Physics and Astronomy
57051,Physics and Astronomy
57052,Physics and Astronomy
57053,Physics and Astronomy
57054,Physics and Astronomy
57055,Physics and Astronomy
57056,Physics and Astronomy
57057,Physics and Astronomy
57058,Physics and Astronomy
57059,Physics and Astronomy
57060,Physics and Astronomy
57061,Physics and Astronomy
57079,Physics and Astronomy
57332,Mathematics
57333,Mathematics
57334,Mathematics
57335,Mathematics
57336,Mathematics
57337,Mathematics
57338,Mathematics
57339,Mathematics
57340,Mathematics
57341,Mathematics
57342,Mathematics
57346,Mathematics
57348,Mathematics
57349,Mathematics
57350,Mathematics
57351,Mathematics
57352,Mathematics
57353,Mathematics
57355,Mathematics
57356,Mathematics
57357,Mathematics
57369,Mathematics
57373,Mathematics
57375,Mathematics
57384,Mathematics
57519,Engineering
57520,Civil Engineering
57521,Engineering
57703,Engineering
57723,Statistics
57863,Chemistry
58017,Chemistry
58032,Physics and Astronomy
58037,Physics and Astronomy
58073,Physics and Astronomy
58090,Biological Sciences
58151,Engineering
58220,Chemistry
58240,Statistics
58347,Biological Sciences
58348,Biological Sciences
58349,Biological Sciences
58350,Biological Sciences
58356,Mathematics
58357,Mathematics
58358,Mathematics
58359,Mathematics
58360,Mathematics
58370,Statistics
58371,Statistics
58372,Statistics
58373,Statistics
58374,Statistics
58375,Statistics
58376,Statistics
58377,Statistics
58402,Chemistry
58403,Chemistry
58426,Physics and Astronomy
58427,Physics and Astronomy
58428,Physics and Astronomy
58430,Physics and Astronomy
58431,Physics and Astronomy
58432,Physics and Astronomy
58463,Physics and Astronomy
58469,Civil Engineering
58470,Civil Engineering
58471,Civil Engineering
58472,Civil Engineering
58473,Civil Engineering
58476,Civil Engineering
58478,Civil Engineering
58489,Statistics
58780,Statistics
58781,Statistics
58957,Biological Sciences
58960,Biological Sciences
58963,Biological Sciences
59163,Statistics
59239,Biological Sciences
59241,Biological Sciences
59250,Biological Sciences
59256,Chemistry
59257,Chemistry
59264,Mathematics
59265,Mathematics
59281,Statistics
59282,Statistics
59332,Physics and Astronomy
59339,Civil Engineering
59340,Civil Engineering
59341,Civil Engineering
59342,Civil Engineering
59344,Civil Engineering
59352,Civil Engineering
59353,Civil Engineering
59360,Civil Engineering
59377,Chemistry
59411,Chemistry
59414,Biological Sciences
59424,Physics and Astronomy
59448,Chemistry
59460,Mathematics
59471,Biological Sciences
59472,Biological Sciences
59473,Chemistry
59476,Physics and Astronomy
59477,Physics and Astronomy
59489,Engineering
59499,Chemistry
59513,Mathematics
59520,Biological Sciences
59526,Mathematics
59527,Physics and Astronomy
59534,Mathematics
59549,Physics and Astronomy
59555,Mathematics
59562,Mathematics
59563,Biological Sciences
59566,Mathematics
59583,Mathematics
59614,Mathematics
59616,Biological Sciences
59625,Chemistry
59627,Biological Sciences
59635,Biological Sciences
59654,Physics and Astronomy
59665,Biological Sciences
59668,Statistics
59689,Mathematics
